{"cameraMode":{"drawMode":0,"name":"Shaded","section":"Shading Mode"},"sceneLighting":false,"audioPlay":false,"sceneViewState":{"m_AlwaysRefresh":false,"showFog":true,"showSkybox":false,"showFlares":true,"showImageEffects":true,"showParticleSystems":true,"showVisualEffectGraphs":true,"m_FxEnabled":true},"in2DMode":false,"pivot":{"x":-0.24068059027194978,"y":1.325301170349121,"z":-1.5494996309280396},"rotation":{"x":0.003594962414354086,"y":-0.9958725571632385,"z":0.050547800958156589,"w":0.07272545993328095},"size":2.5868594646453859,"orthographic":false}