{"cameraMode":{"drawMode":0,"name":"Shaded","section":"Shading Mode"},"sceneLighting":false,"audioPlay":false,"sceneViewState":{"m_AlwaysRefresh":false,"showFog":true,"showSkybox":false,"showFlares":true,"showImageEffects":true,"showParticleSystems":true,"showVisualEffectGraphs":true,"m_FxEnabled":true},"in2DMode":false,"pivot":{"x":0.10407688468694687,"y":4.813028812408447,"z":-6.800828456878662},"rotation":{"x":-0.02696084976196289,"y":-0.06291645765304566,"z":0.0014442077372223139,"w":-0.9974522590637207},"size":3.6567320823669435,"orthographic":false}