{"cameraMode":{"drawMode":0,"name":"Shaded","section":"Shading Mode"},"sceneLighting":false,"audioPlay":false,"sceneViewState":{"m_AlwaysRefresh":false,"showFog":true,"showSkybox":false,"showFlares":true,"showImageEffects":true,"showParticleSystems":true,"showVisualEffectGraphs":true,"m_FxEnabled":true},"in2DMode":false,"pivot":{"x":35.30367660522461,"y":-16.796085357666017,"z":-141.29774475097657},"rotation":{"x":-0.008047753013670445,"y":-0.9901878833770752,"z":0.06273855268955231,"w":-0.12300750613212586},"size":60.985198974609378,"orthographic":false}