{"cameraMode":{"drawMode":0,"name":"Shaded","section":"Shading Mode"},"sceneLighting":false,"audioPlay":false,"sceneViewState":{"m_AlwaysRefresh":false,"showFog":true,"showSkybox":false,"showFlares":true,"showImageEffects":true,"showParticleSystems":true,"showVisualEffectGraphs":true,"m_FxEnabled":true},"in2DMode":false,"pivot":{"x":0.8176140189170837,"y":1.4669877290725709,"z":-18.496597290039064},"rotation":{"x":-0.08268176764249802,"y":-0.01946861483156681,"z":0.0010288787307217718,"w":-0.9960581064224243},"size":5.6660261154174809,"orthographic":false}