{"cameraMode":{"drawMode":0,"name":"Shaded","section":"Shading Mode"},"sceneLighting":false,"audioPlay":false,"sceneViewState":{"m_AlwaysRefresh":false,"showFog":true,"showSkybox":false,"showFlares":true,"showImageEffects":true,"showParticleSystems":true,"showVisualEffectGraphs":true,"m_FxEnabled":true},"in2DMode":false,"pivot":{"x":-2.6776187419891359,"y":3.0852437019348146,"z":3.0102672576904299},"rotation":{"x":-0.02848026156425476,"y":-0.038973379880189899,"z":0.001110886805690825,"w":-0.9987634420394898},"size":3.4722814559936525,"orthographic":false}