{"cameraMode":{"drawMode":0,"name":"Shaded","section":"Shading Mode"},"sceneLighting":false,"audioPlay":false,"sceneViewState":{"m_AlwaysRefresh":false,"showFog":true,"showSkybox":false,"showFlares":true,"showImageEffects":true,"showParticleSystems":true,"showVisualEffectGraphs":true,"m_FxEnabled":true},"in2DMode":false,"pivot":{"x":1.0386360883712769,"y":1.2211939096450806,"z":3.875234365463257},"rotation":{"x":-0.12325815111398697,"y":-0.005358872469514608,"z":0.0006299983942881227,"w":-0.9920818209648132},"size":3.957566022872925,"orthographic":false}